{"Aveiro": [["Ovar", "ez3b3edt8q08"], ["Santa Maria da Feira", "ez3buemusy2c"], ["Anadia", "ez4j2pjzhcbh"], ["Mealhada", "ez1vxp6fd71q"], ["Ílhavo", "ez1yczr5ngqv"], ["Sever do Vouga", "ez4p8x4m4y5j"], ["Águeda", "ez1yygfq6sjr"], ["Arouca", "ez60gexh82hk"], ["Aveiro", "ez1z4qptt89e"], ["Castelo de Paiva", "ez617pcvubcm"], ["Espinho", "ez3c4nvwsu9y"], ["Murtosa", "ez1zdrfrdww5"], ["Oliveira de Azeméis", "ez3bq7nwgznn"], ["Albergaria-a-Velha", "ez1zkzj3qmfm"], ["Vale de Cambra", "ez3br6vf3xsz"], ["Oliveira do Bairro", "ez1ymxm2444b"], ["Vagos", "ez1y9q2hgzve"], ["Estarreja", "ez1zg7kksq5g"], ["São João da Madeira", "ez3btvnnqwrw"]], "Beja": [["Aljustrel", "eydpmqec14jp"], ["Vidigueira", "ez4j2pjzhcbh"], ["Moura", "ez4j2pjzhcbh"], ["Alvito", "ez4j2pjzhcbh"], ["Castro Verde", "ez4j2pjzhcbh"], ["Ourique", "ez4j2pjzhcbh"], ["Serpa", "ez4j2pjzhcbh"], ["Odemira", "ez4j2pjzhcbh"], ["Cuba", "eyf32e4g0m11"], ["Mértola", "eydqe0qf16j2"], ["Beja", "eyf26cu8jsft"], ["Ferreira do Alentejo", "eyf07r5rg7c0"], ["Almodôvar", "eydj1wp6mk9j"], ["Barrancos", "eyg0by48rz0q"]], "Braga": [["Vizela", "ez656s25nc9v"], ["Póvoa de Lanhoso", "ez6he093612e"], ["Vieira do Minho", "ez6hy6kubj9c"], ["Cabeceiras de Basto", "ez6k1stqszqd"], ["Celorico de Basto", "ez673wj3zhp7"], ["Amares", "ez6hcfdpss49"], ["Braga", "ez3uqgryr97j"], ["Guimarães", "ez3gzg8gxj24"], ["Vila Nova de Famalicão", "ez3gtd8q1f5n"], ["Vila Verde", "ez3vj19z3s47"], ["Terras de Bouro", "ez6j6dqj8nyc"], ["Esposende", "ez3srbfkw7ue"], ["Barcelos", "ez3u78z8jvpf"], ["Fafe", "ez65v1ny5e8z"]], "Bragança": [["Miranda do Douro", "ez7s06rkp7q1"], ["Macedo de Cavaleiros", "ez7h2f0xcthe"], ["Carrazeda de Ansiães", "ez6dw6zw6x55"], ["Vimioso", "ez7ke4377rp1"], ["Vinhais", "ez7jbpjg64dn"], ["Bragança", "ez7jves3gu36"], ["Freixo de Espada à Cinta", "ez71u81w3m3y"], ["Mirandela", "ez6ggnf55hzv"], ["Alfândega da Fé", "ez751jd7bjbp"], ["Torre de Moncorvo", "ez6fppccx2u0"], ["Vila Flor", "ez6g1f07c8md"], ["Mogadouro", "ez75nw4ctnc4"]], "Castelo Branco": [["Covilhã", "ez4t5tyc22vj"], ["Idanha-a-Nova", "ez4fbscvu5d5"], ["Oleiros", "ez475g63009g"], ["Vila de Rei", "ez41wr9bndrk"], ["Fundão", "ez4kq0mrjuqy"], ["Penamacor", "ez4us28u9g1y"], ["Proença-a-Nova", "ez465hhevb6e"], ["Castelo Branco", "ez4d6zrw2svt"], ["Vila Velha de Ródão", "ez498s7wz9j7"], ["Belmonte", "ez4trqbgg4qf"], ["Sertã", "ez44rkdegs9t"]], "Coimbra": [["Pampilhosa da Serra", "ez45zfyvft7z"], ["Figueira da Foz", "ez1smq4hqsre"], ["Cantanhede", "ez1vd29qw8jp"], ["Oliveira do Hospital", "ez4ms6r0swtu"], ["Góis", "ez4hwcekhem7"], ["Penela", "ez458yybz7ne"], ["Montemor-o-Velho", "ez1u95zcx2u5"], ["Miranda do Corvo", "ez4h41bgsnje"], ["Mira", "ez1tztemnnbr"], ["Coimbra", "ez1uv73mn28s"], ["Tábua", "ez4m8esr1p3x"], ["Vila Nova de Poiares", "ez4hcbzvpdfb"], ["Arganil", "ez4kb3u1uk2g"], ["Soure", "ez1gbgjq32pj"], ["Condeixa-a-Nova", "ez1unpq2whjj"], ["Lousã", "ez4h5y8j5cbw"], ["Penacova", "ez4j4jjqun0n"]], "Évora": [["Évora", "eyf76mkmk59q"], ["Arraiolos", "eyfk33mgpbsh"], ["Mourão", "eyfdppk67xpf"], ["Montemor-o-Novo", "eyf5u7gq8trd"], ["Mora", "eyfjt98srxnu"], ["Estremoz", "eyfscxjdxy6b"], ["Portel", "eyf9bme1yfpr"], ["Viana do Alentejo", "eyf605umbc78"], ["Reguengos de Monsaraz", "eyfds546ctwc"], ["Alandroal", "eyfspj5s7qh7"], ["Vendas Novas", "eycu5d7ycfb5"], ["Borba", "eyfsuc5fnzhx"], ["Redondo", "eyfeg7q10pcj"], ["Vila Viçosa", "eyfsmrzntudd"]], "Faro": [["Olhão", "eyd6sn1dqru3"], ["Monchique", "ey9ukbchjh5k"], ["Lagoa", "ey9gnpg0zzw2"], ["Faro", "eyd6ddbu4phj"], ["Loulé", "eyd5reyz1u83"], ["Alcoutim", "eydtjtrngsjr"], ["Silves", "ey9gu8qvenfq"], ["Aljezur", "ey9sm3jywjuc"], ["Lagos", "ey9g0udhp3bd"], ["Tavira", "eyde0xjq6ev0"], ["Albufeira", "eyd55khcfbm9"], ["Portimão", "ey9gd86v9jpx"], ["Vila do Bispo", "ey9duyw7p7fh"], ["Vila Real de Santo António", "eydew3uhymn1"], ["São Brás de Alportel", "eyd7k5dbh611"], ["Castro Marim", "eydewphutg8g"]], "Guarda": [["Fornos de Algodres", "ez4wfx9ykxzc"], ["Vila Nova de Foz Côa", "ez6cf7rhffn7"], ["Sabugal", "ez4vc51mhm65"], ["Manteigas", "ez4tgjfsds7g"], ["Aguiar da Beira", "ez684t9ujzxs"], ["Mêda", "ez6c43t6530k"], ["Celorico da Beira", "ez4xnu078kwf"], ["Gouveia", "ez4w6enbhjeq"], ["Almeida", "ez5p9q9qx8tw"], ["Trancoso", "ez4xzyukw3hn"], ["Figueira de Castelo Rodrigo", "ez708uxzqbtb"], ["Pinhel", "ez4zywqxw1uq"], ["Guarda", "ez4y9ecjdy1k"], ["Seia", "ez4mzx5dzgg0"]], "Leiria": [["Castanheira de Pêra", "ez45d4s2kcqs"], ["Pedrógão Grande", "ez45n6cct2cn"], ["Batalha", "ez19t7mmkf7w"], ["Figueiró dos Vinhos", "ez44bt8dw5sj"], ["Leiria", "ez1dnj08n4q8"], ["Caldas da Rainha", "ez12qe8n8qsf"], ["Alcobaça", "ez18ghbstqq7"], ["Peniche", "ez10p9szw5nx"], ["Óbidos", "eycrvyf9wn2d"], ["Porto de Mós", "ez19m9ck5z4m"], ["Nazaré", "ez192gnwj751"], ["Ansião", "ez1gp4ut5euv"], ["Alvaiázere", "ez1fx3vbpyqc"], ["Marinha Grande", "ez1d1p9g9nfm"], ["Pombal", "ez1fbwg0nn3v"], ["Bombarral", "eycrq111enhp"]], "Lisboa": [["Oeiras", "eyck57chcc38"], ["Torres Vedras", "eycq7sevk9r8"], ["Lisboa", "eyckmvn9zewd"], ["Amadora", "eyckkrfy3142"], ["Odivelas", "eyckwttpxy5x"], ["Mafra", "eycmdjhrebk9"], ["Sobral de Monte Agraço", "eycmyqnvzxnk"], ["Cadaval", "eycx0p8w2byg"], ["Azambuja", "eycwk96v9cu5"], ["Cascais", "eyck0pyg71hq"], ["Lourinhã", "eycr6cvu2fty"], ["Sintra", "eyck8t4r6s08"], ["Alenquer", "eycw1wyyteq8"], ["Vila Franca de Xira", "eyctdss0ty73"], ["Loures", "eyckvpkgmtpx"], ["Arruda dos Vinhos", "eyctb4hkjyrd"]], "Portalegre": [["Castelo de Vide", "ez48nnbbwq7s"], ["Ponte de Sor", "eyfprwjqnfr3"], ["Arronches", "eyfy9672mxxr"], ["Monforte", "eyfwnm7ghb9n"], ["Gavião", "ez423wscpmx2"], ["Crato", "ez4j2pjzhcbh"], ["Campo Maior", "ez4j2pjzhcbh"], ["Sousel", "ez4j2pjzhcbh"], ["Alter do Chão", "ez4j2pjzhcbh"], ["Avis", "ez4j2pjzhcbh"], ["Nisa", "ez4j2pjzhcbh"], ["Elvas", "ez4j2pjzhcbh"], ["Fronteira", "ez4j2pjzhcbh"], ["Marvão", "ez4j2pjzhcbh"], ["Portalegre", "ez4j2pjzhcbh"]], "Porto": [["Lousada", "ez4j2pjzhcbh"], ["Trofa", "ez4j2pjzhcbh"], ["Maia", "ez4j2pjzhcbh"], ["Póvoa de Varzim", "ez4j2pjzhcbh"], ["Valongo", "ez4j2pjzhcbh"], ["Vila Nova de Gaia", "ez4j2pjzhcbh"], ["Amarante", "ez4j2pjzhcbh"], ["Marco de Canaveses", "ez4j2pjzhcbh"], ["Paços de Ferreira", "ez4j2pjzhcbh"], ["Penafiel", "ez4j2pjzhcbh"], ["Baião", "ez4j2pjzhcbh"], ["Paredes", "ez4j2pjzhcbh"], ["Gondomar", "ez4j2pjzhcbh"], ["Santo Tirso", "ez4j2pjzhcbh"], ["Felgueiras", "ez4j2pjzhcbh"], ["Porto", "ez4j2pjzhcbh"], ["Vila do Conde", "ez4j2pjzhcbh"], ["Matosinhos", "ez4j2pjzhcbh"]], "Santarém": [["Tomar", "ez4j2pjzhcbh"], ["Torres Novas", "ez4j2pjzhcbh"], ["Santarém", "ez4j2pjzhcbh"], ["Abrantes", "ez4j2pjzhcbh"], ["Entroncamento", "ez4j2pjzhcbh"], ["Almeirim", "ez4j2pjzhcbh"], ["Constância", "ez4j2pjzhcbh"], ["Vila Nova da Barquinha", "ez4j2pjzhcbh"], ["Sardoal", "ez4j2pjzhcbh"], ["Benavente", "ez4j2pjzhcbh"], ["Ourém", "ez4j2pjzhcbh"], ["Golegã", "ez4j2pjzhcbh"], ["Rio Maior", "ez4j2pjzhcbh"], ["Alcanena", "ez4j2pjzhcbh"], ["Chamusca", "ez4j2pjzhcbh"], ["Coruche", "eycve278xjr7"], ["Ferreira do Zêzere", "ez41fcuh1fr8"], ["Alpiarça", "eycz1znq4vy4"], ["Salvaterra de Magos", "eycwncfb45ew"], ["Mação", "ez4311syfmum"], ["Cartaxo", "eycwy2gt9e85"]], "Setúbal": [["Almada", "eyc7yydnfqgn"], ["Palmela", "eyceknrrj6y4"], ["Alcácer do Sal", "ez4j2pjzhcbh"], ["Grândola", "ez4j2pjzhcbh"], ["Sesimbra", "ez4j2pjzhcbh"], ["Montijo", "ez4j2pjzhcbh"], ["Seixal", "ez4j2pjzhcbh"], ["Setúbal", "ez4j2pjzhcbh"], ["Santiago do Cacém", "ez4j2pjzhcbh"], ["Alcochete", "ez4j2pjzhcbh"], ["Sines", "ez4j2pjzhcbh"], ["Moita", "ez4j2pjzhcbh"], ["Barreiro", "ez4j2pjzhcbh"]], "Viana do Castelo": [["Vila Nova de Cerveira", "ez4j2pjzhcbh"], ["Viana do Castelo", "ez4j2pjzhcbh"], ["Ponte de Lima", "ez4j2pjzhcbh"], ["Melgaço", "ez4j2pjzhcbh"], ["Arcos de Valdevez", "ez4j2pjzhcbh"], ["Paredes de Coura", "ez4j2pjzhcbh"], ["Monção", "ez4j2pjzhcbh"], ["Valença", "ez4j2pjzhcbh"], ["Ponte da Barca", "ez4j2pjzhcbh"], ["Caminha", "ez4j2pjzhcbh"]], "Vila Real": [["Alijó", "ez4j2pjzhcbh"], ["Mesão Frio", "ez4j2pjzhcbh"], ["Mondim de Basto", "ez4j2pjzhcbh"], ["Boticas", "ez4j2pjzhcbh"], ["Ribeira de Pena", "ez4j2pjzhcbh"], ["Vila Real", "ez4j2pjzhcbh"], ["Chaves", "ez4j2pjzhcbh"], ["Peso da Régua", "ez4j2pjzhcbh"], ["Sabrosa", "ez4j2pjzhcbh"], ["Montalegre", "ez4j2pjzhcbh"], ["Vila Pouca de Aguiar", "ez4j2pjzhcbh"], ["Valpaços", "ez4j2pjzhcbh"], ["Murça", "ez4j2pjzhcbh"], ["Santa Marta de Penaguião", "ez4j2pjzhcbh"]], "Viseu": [["São Pedro do Sul", "ez4j2pjzhcbh"], ["Sernancelhe", "ez4j2pjzhcbh"], ["Vila Nova de Paiva", "ez4j2pjzhcbh"], ["Carregal do Sal", "ez4j2pjzhcbh"], ["Cinfães", "ez4j2pjzhcbh"], ["Penedono", "ez4j2pjzhcbh"], ["Moimenta da Beira", "ez4j2pjzhcbh"], ["Lamego", "ez4j2pjzhcbh"], ["São João da Pesqueira", "ez4j2pjzhcbh"], ["Castro Daire", "ez4j2pjzhcbh"], ["Oliveira de Frades", "ez4j2pjzhcbh"], ["Viseu", "ez4j2pjzhcbh"], ["Resende", "ez4j2pjzhcbh"], ["Armamar", "ez4j2pjzhcbh"], ["Tarouca", "ez4j2pjzhcbh"], ["Sátão", "ez4j2pjzhcbh"], ["Nelas", "ez4j2pjzhcbh"], ["Santa Comba Dão", "ez4j2pjzhcbh"], ["Mangualde", "ez4j2pjzhcbh"], ["Penalva do Castelo", "ez4j2pjzhcbh"], ["Tondela", "ez4j2pjzhcbh"], ["Vouzela", "ez4j2pjzhcbh"], ["Tabuaço", "ez4j2pjzhcbh"], ["Mortágua", "ez4j2pjzhcbh"]], "Ilha da Madeira": [["Calheta", "ez4j2pjzhcbh"], ["Câmara de Lobos", "ez4j2pjzhcbh"], ["Ponta do Sol", "ez4j2pjzhcbh"], ["Ribeira Brava", "ez4j2pjzhcbh"], ["Santa Cruz", "etu411ru6m1j"], ["Funchal", "etgcy1d6d84k"], ["São Vicente", "etgfecumtjk7"], ["Porto Moniz", "etgfcp4w1kr1"], ["Machico", "etu41n56u5mt"], ["Santana", "etgfx5ewe3dd"]], "Ilha de Porto Santo": [["Porto Santo", "etukh4rt7mmd"]], "Ilha de Santa Maria": [["Vila do Porto", "eqw46c2z7tt8"]], "Ilha de São Miguel": [["Lagoa", "eqtyc8593qpb"], ["Vila Franca do Campo", "eqtysfc646ru"], ["Ponta Delgada", "eqtwwz5zwqhf"], ["Nordeste", "eqwp5rh7cury"], ["Povoação", "eqwn9rbtyd6p"], ["Ribeira Grande", "eqtz4u9m3zxg"]], "Ilha Terceira": [["Vila da Praia da Vitória", "equsrepex4dq"], ["Angra do Heroísmo", "equegvwzg88j"]], "Ilha Graciosa": [["Santa Cruz da Graciosa", "equn65f2vfxy"]], "Ilha de São Jorge": [["Calheta", "equ5d5rkv4bj"], ["Velas", "eqgujf1quxeb"]], "Ilha do Pico": [["Lajes do Pico", "eqgfmm8wfvrf"], ["Madalena", "eqgenwe4ncxg"], ["São Roque do Pico", "eqgg57szsgpg"]], "Ilha do Faial": [["Horta", "eqge5zn8c2xf"]], "Ilha das Flores": [["Santa Cruz das Flores", "er1b7nsy4mxf"], ["Lajes das Flores", "er1b42fxpwpc"]], "Ilha do Corvo": [["Corvo", "er1cey4yw8gc"]]}